coverage,risk
0.0083,0.0000
0.0167,0.0000
0.0250,0.0000
0.0333,0.0000
0.0417,0.0000
0.0500,0.0000
0.0583,0.0000
0.0667,0.0000
0.0750,0.0000
0.0833,0.0000
0.0917,0.0000
0.1000,0.0000
0.1083,0.0000
0.1167,0.0000
0.1250,0.0000
0.1333,0.0000
0.1417,0.0000
0.1500,0.0000
0.1583,0.0526
0.1667,0.0500
0.1750,0.0952
0.1833,0.0909
0.1917,0.0870
0.2000,0.0833
0.2083,0.0800
0.2167,0.0769
0.2250,0.0741
0.2333,0.0714
0.2417,0.0690
0.2500,0.0667
0.2583,0.0968
0.2667,0.1250
0.2750,0.1515
0.2833,0.1765
0.2917,0.1714
0.3000,0.1944
0.3083,0.2162
0.3167,0.2368
0.3250,0.2564
0.3333,0.2750
0.3417,0.2927
0.3500,0.3095
0.3583,0.3256
0.3667,0.3409
0.3750,0.3556
0.3833,0.3696
0.3917,0.3830
0.4000,0.3958
0.4083,0.4082
0.4167,0.4200
0.4250,0.4314
0.4333,0.4423
0.4417,0.4528
0.4500,0.4630
0.4583,0.4727
0.4667,0.4821
0.4750,0.4912
0.4833,0.5000
0.4917,0.5085
0.5000,0.5167
0.5083,0.5246
0.5167,0.5323
0.5250,0.5397
0.5333,0.5469
0.5417,0.5538
0.5500,0.5606
0.5583,0.5672
0.5667,0.5735
0.5750,0.5797
0.5833,0.5857
0.5917,0.5915
0.6000,0.5972
0.6083,0.6027
0.6167,0.6081
0.6250,0.6133
0.6333,0.6184
0.6417,0.6234
0.6500,0.6282
0.6583,0.6329
0.6667,0.6375
0.6750,0.6420
0.6833,0.6463
0.6917,0.6506
0.7000,0.6548
0.7083,0.6588
0.7167,0.6628
0.7250,0.6667
0.7333,0.6705
0.7417,0.6742
0.7500,0.6778
0.7583,0.6813
0.7667,0.6848
0.7750,0.6882
0.7833,0.6915
0.7917,0.6947
0.8000,0.6979
0.8083,0.7010
0.8167,0.7041
0.8250,0.7071
0.8333,0.7100
0.8417,0.7129
0.8500,0.7157
0.8583,0.7184
0.8667,0.7212
0.8750,0.7238
0.8833,0.7264
0.8917,0.7290
0.9000,0.7315
0.9083,0.7339
0.9167,0.7364
0.9250,0.7387
0.9333,0.7411
0.9417,0.7434
0.9500,0.7456
0.9583,0.7478
0.9667,0.7500
0.9750,0.7521
0.9833,0.7542
0.9917,0.7563
1.0000,0.7583
